2019_1,2019_2,2019_3,2019_4,2019_5,2019_6,2020_1,2020_2,2020_3,2020_4,2020_5,2020_6,2021_1,2021_2,2021_3,2021_4,2021_5,2021_6
1,2,3,4,5,6,1,2,3,4,5,6,1,2,3,4,5,6
1,2,3,4,5,6,1,2,3,4,5,6,1,2,3,4,5,6
1,2,3,4,5,6,1,2,3,4,5,6,1,2,3,4,5,6
1,2,3,4,5,6,1,2,3,4,5,6,1,2,3,4,5,6
1,2,3,4,5,6,1,2,3,4,5,6,1,2,3,4,5,6
1,2,3,4,5,6,1,2,3,4,5,6,1,2,3,4,5,6
1,2,3,4,5,6,1,2,3,4,5,6,1,2,3,4,5,6
1,2,3,4,5,6,1,2,3,4,5,6,1,2,3,4,5,6
1,2,3,4,5,6,1,2,3,4,5,6,1,2,3,4,5,6
1,2,3,4,5,6,1,2,3,4,5,6,1,2,3,4,5,6
1,2,3,4,5,6,1,2,3,4,5,6,1,2,3,4,5,6
1,2,3,4,5,6,1,2,3,4,5,6,1,2,3,4,5,6
1,2,3,4,5,6,1,2,3,4,5,6,1,2,3,4,5,6
1,2,3,4,5,6,1,2,3,4,5,6,1,2,3,4,5,6
1,2,3,4,5,6,1,2,3,4,5,6,1,2,3,4,5,6
1,2,3,4,5,6,1,2,3,4,5,6,1,2,3,4,5,6
1,2,3,4,5,6,1,2,3,4,5,6,1,2,3,4,5,6
1,2,3,4,5,6,1,2,3,4,5,6,1,2,3,4,5,6
1,2,3,4,5,6,1,2,3,4,5,6,1,2,3,4,5,6
1,2,3,4,5,6,1,2,3,4,5,6,1,2,3,4,5,6
1,2,3,4,5,6,1,2,3,4,5,6,1,2,3,4,5,6
1,2,3,4,5,6,1,2,3,4,5,6,1,2,3,4,5,6
1,2,3,4,5,6,1,2,3,4,5,6,1,2,3,4,5,6
1,2,3,4,5,6,1,2,3,4,5,6,1,2,3,4,5,6
1,2,3,4,5,6,1,2,3,4,5,6,1,2,3,4,5,6
1,2,3,4,5,6,1,2,3,4,5,6,1,2,3,4,5,6
1,2,3,4,5,6,1,2,3,4,5,6,1,2,3,4,5,6
1,2,3,4,5,6,1,2,3,4,5,6,1,2,3,4,5,6
1,2,3,4,5,6,1,2,3,4,5,6,1,2,3,4,5,6
1,2,3,4,5,6,1,2,3,4,5,6,1,2,3,4,5,6
1,2,3,4,5,6,1,2,3,4,5,6,1,2,3,4,5,6
1,2,3,4,5,6,1,2,3,4,5,6,1,2,3,4,5,6
1,2,3,4,5,6,1,2,3,4,5,6,1,2,3,4,5,6
1,2,3,4,5,6,1,2,3,4,5,6,1,2,3,4,5,6
1,2,3,4,5,6,1,2,3,4,5,6,1,2,3,4,5,6
1,2,3,4,5,6,1,2,3,4,5,6,1,2,3,4,5,6
1,2,3,4,5,6,1,2,3,4,5,6,1,2,3,4,5,6
1,2,3,4,5,6,1,2,3,4,5,6,1,2,3,4,5,6
1,2,3,4,5,6,1,2,3,4,5,6,1,2,3,4,5,6
1,2,3,4,5,6,1,2,3,4,5,6,1,2,3,4,5,6
1,2,3,4,5,6,1,2,3,4,5,6,1,2,3,4,5,6
1,2,3,4,5,6,1,2,3,4,5,6,1,2,3,4,5,6
1,2,3,4,5,6,1,2,3,4,5,6,1,2,3,4,5,6
1,2,3,4,5,6,1,2,3,4,5,6,1,2,3,4,5,6
1,2,3,4,5,6,1,2,3,4,5,6,1,2,3,4,5,6
1,2,3,4,5,6,1,2,3,4,5,6,1,2,3,4,5,6
1,2,3,4,5,6,1,2,3,4,5,6,1,2,3,4,5,6
1,2,3,4,5,6,1,2,3,4,5,6,1,2,3,4,5,6
1,2,3,4,5,6,1,2,3,4,5,6,1,2,3,4,5,6
1,2,3,4,5,6,1,2,3,4,5,6,1,2,3,4,5,6
1,2,3,4,5,6,1,2,3,4,5,6,1,2,3,4,5,6
1,2,3,4,5,6,1,2,3,4,5,6,1,2,3,4,5,6
1,2,3,4,5,6,1,2,3,4,5,6,1,2,3,4,5,6
1,2,3,4,5,6,1,2,3,4,5,6,1,2,3,4,5,6
1,2,3,4,5,6,1,2,3,4,5,6,1,2,3,4,5,6
1,2,3,4,5,6,1,2,3,4,5,6,1,2,3,4,5,6
1,2,3,4,5,6,1,2,3,4,5,6,1,2,3,4,5,6
1,2,3,4,5,6,1,2,3,4,5,6,1,2,3,4,5,6
1,2,3,4,5,6,1,2,3,4,5,6,1,2,3,4,5,6
1,2,3,4,5,6,1,2,3,4,5,6,1,2,3,4,5,6
1,2,3,4,5,6,1,2,3,4,5,6,1,2,3,4,5,6
1,2,3,4,5,6,1,2,3,4,5,6,1,2,3,4,5,6
1,2,3,4,5,6,1,2,3,4,5,6,1,2,3,4,5,6
1,2,3,4,5,6,1,2,3,4,5,6,1,2,3,4,5,6
1,2,3,4,5,6,1,2,3,4,5,6,1,2,3,4,5,6
1,2,3,4,5,6,1,2,3,4,5,6,1,2,3,4,5,6
1,2,3,4,5,6,1,2,3,4,5,6,1,2,3,4,5,6
1,2,3,4,5,6,1,2,3,4,5,6,1,2,3,4,5,6
1,2,3,4,5,6,1,2,3,4,5,6,1,2,3,4,5,6
1,2,3,4,5,6,1,2,3,4,5,6,1,2,3,4,5,6
1,2,3,4,5,6,1,2,3,4,5,6,1,2,3,4,5,6
1,2,3,4,5,6,1,2,3,4,5,6,1,2,3,4,5,6
1,2,3,4,5,6,1,2,3,4,5,6,1,2,3,4,5,6
1,2,3,4,5,6,1,2,3,4,5,6,1,2,3,4,5,6
1,2,3,4,5,6,1,2,3,4,5,6,1,2,3,4,5,6
1,2,3,4,5,6,1,2,3,4,5,6,1,2,3,4,5,6
1,2,3,4,5,6,1,2,3,4,5,6,1,2,3,4,5,6
1,2,3,4,5,6,1,2,3,4,5,6,1,2,3,4,5,6
1,2,3,4,5,6,1,2,3,4,5,6,1,2,3,4,5,6
1,2,3,4,5,6,1,2,3,4,5,6,1,2,3,4,5,6
1,2,3,4,5,6,1,2,3,4,5,6,1,2,3,4,5,6
1,2,3,4,5,6,1,2,3,4,5,6,1,2,3,4,5,6
1,2,3,4,5,6,1,2,3,4,5,6,1,2,3,4,5,6
1,2,3,4,5,6,1,2,3,4,5,6,1,2,3,4,5,6
1,2,3,4,5,6,1,2,3,4,5,6,1,2,3,4,5,6
1,2,3,4,5,6,1,2,3,4,5,6,1,2,3,4,5,6
1,2,3,4,5,6,1,2,3,4,5,6,1,2,3,4,5,6
1,2,3,4,5,6,1,2,3,4,5,6,1,2,3,4,5,6
1,2,3,4,5,6,1,2,3,4,5,6,1,2,3,4,5,6
1,2,3,4,5,6,1,2,3,4,5,6,1,2,3,4,5,6
1,2,3,4,5,6,1,2,3,4,5,6,1,2,3,4,5,6
1,2,3,4,5,6,1,2,3,4,5,6,1,2,3,4,5,6
1,2,3,4,5,6,1,2,3,4,5,6,1,2,3,4,5,6
1,2,3,4,5,6,1,2,3,4,5,6,1,2,3,4,5,6
1,2,3,4,5,6,1,2,3,4,5,6,1,2,3,4,5,6
1,2,3,4,5,6,1,2,3,4,5,6,1,2,3,4,5,6
1,2,3,4,5,6,1,2,3,4,5,6,1,2,3,4,5,6
1,2,3,4,5,6,1,2,3,4,5,6,1,2,3,4,5,6
1,2,3,4,5,6,1,2,3,4,5,6,1,2,3,4,5,6
1,2,3,4,5,6,1,2,3,4,5,6,1,2,3,4,5,6
1,2,3,4,5,6,1,2,3,4,5,6,1,2,3,4,5,6
1,2,3,4,5,6,1,2,3,4,5,6,1,2,3,4,5,6
1,2,3,4,5,6,1,2,3,4,5,6,1,2,3,4,5,6
1,2,3,4,5,6,1,2,3,4,5,6,1,2,3,4,5,6
1,2,3,4,5,6,1,2,3,4,5,6,1,2,3,4,5,6
1,2,3,4,5,6,1,2,3,4,5,6,1,2,3,4,5,6
1,2,3,4,5,6,1,2,3,4,5,6,1,2,3,4,5,6
1,2,3,4,5,6,1,2,3,4,5,6,1,2,3,4,5,6
1,2,3,4,5,6,1,2,3,4,5,6,1,2,3,4,5,6
1,2,3,4,5,6,1,2,3,4,5,6,1,2,3,4,5,6
1,2,3,4,5,6,1,2,3,4,5,6,1,2,3,4,5,6
1,2,3,4,5,6,1,2,3,4,5,6,1,2,3,4,5,6
1,2,3,4,5,6,1,2,3,4,5,6,1,2,3,4,5,6
1,2,3,4,5,6,1,2,3,4,5,6,1,2,3,4,5,6
1,2,3,4,5,6,1,2,3,4,5,6,1,2,3,4,5,6
1,2,3,4,5,6,1,2,3,4,5,6,1,2,3,4,5,6
1,2,3,4,5,6,1,2,3,4,5,6,1,2,3,4,5,6
1,2,3,4,5,6,1,2,3,4,5,6,1,2,3,4,5,6
1,2,3,4,5,6,1,2,3,4,5,6,1,2,3,4,5,6
1,2,3,4,5,6,1,2,3,4,5,6,1,2,3,4,5,6
1,2,3,4,5,6,1,2,3,4,5,6,1,2,3,4,5,6
1,2,3,4,5,6,1,2,3,4,5,6,1,2,3,4,5,6
1,2,3,4,5,6,1,2,3,4,5,6,1,2,3,4,5,6
1,2,3,4,5,6,1,2,3,4,5,6,1,2,3,4,5,6
1,2,3,4,5,6,1,2,3,4,5,6,1,2,3,4,5,6
1,2,3,4,5,6,1,2,3,4,5,6,1,2,3,4,5,6
1,2,3,4,5,6,1,2,3,4,5,6,1,2,3,4,5,6
1,2,3,4,5,6,1,2,3,4,5,6,1,2,3,4,5,6
1,2,3,4,5,6,1,2,3,4,5,6,1,2,3,4,5,6
1,2,3,4,5,6,1,2,3,4,5,6,1,2,3,4,5,6
1,2,3,4,5,6,1,2,3,4,5,6,1,2,3,4,5,6
1,2,3,4,5,6,1,2,3,4,5,6,1,2,3,4,5,6
1,2,3,4,5,6,1,2,3,4,5,6,1,2,3,4,5,6
1,2,3,4,5,6,1,2,3,4,5,6,1,2,3,4,5,6
1,2,3,4,5,6,1,2,3,4,5,6,1,2,3,4,5,6
1,2,3,4,5,6,1,2,3,4,5,6,1,2,3,4,5,6
1,2,3,4,5,6,1,2,3,4,5,6,1,2,3,4,5,6
1,2,3,4,5,6,1,2,3,4,5,6,1,2,3,4,5,6
